Transportista,URL
EXPRESO CARGO SA,https://grupocargo.sytes.net/client.asp
EXPRESO LANCIONI,https://expresolancioni.com/clientes/login.html
EXPRESO BRIO SRL,https://extranet.expresobrio.com/
LA SEVILLANITA SRL,https://lasevillanita-online.com/
RODRIGUEZ HNOS. TRANSP. SA,https://www.softwarecristal.com/web/index.php?o=login&empresa=trm
TRANSPORTE CRUZ DEL SUR SA,https://clientes.cruzdelsur.com/Index.aspx
CRUZ DEL SUR,https://clientes.cruzdelsur.com/Index.aspx
EXPRESO LUJAN DEL CUYO SA,https://clientes1.expresolujan.com/elcintegralprod/servlet/hlogin0001
EXPRESO SANTA ROSA,https://esr.com.ar/clientes-registrados/
TRANSPORTE RODRIGUEZ E HIJOS SRL,https://www.softwarecristal.com/web/index.php?o=login&empresa=trm
